DROP TABLE IF EXISTS MENU;
CREATE TABLE MENU(ID INT PRIMARY KEY, ITEM VARCHAR(255), PRICE DECIMAL(20,2));
INSERT INTO MENU VALUES(1, 'Apples', 0.75);
INSERT INTO MENU VALUES(2, 'Oranges', 0.99);
INSERT INTO MENU VALUES(3, 'Peaches', 1.25);
INSERT INTO MENU VALUES(4, 'Bananas', 0.85);
INSERT INTO MENU VALUES(5, 'Grapes', 1.00);
INSERT INTO MENU VALUES(6, 'Kiwis', 3.75);
INSERT INTO MENU VALUES(7, 'Blueberries', 2.89);
INSERT INTO MENU VALUES(8, 'Lemons', 0.85);
INSERT INTO MENU VALUES(9, 'Strawberries', 4.50);
INSERT INTO MENU VALUES(10, 'Pears', 1.15);

DROP TABLE IF EXISTS CUSTOMER;
CREATE TABLE CUSTOMER(ID INT PRIMARY KEY, NAME VARCHAR(255), STATE VARCHAR(2));
INSERT INTO CUSTOMER VALUES(1, 'Bob', 'NJ');
INSERT INTO CUSTOMER VALUES(2, 'Sally', 'NY');
INSERT INTO CUSTOMER VALUES(3, 'Alice', 'CT');
INSERT INTO CUSTOMER VALUES(4, 'Joe', 'NJ');
INSERT INTO CUSTOMER VALUES(5, 'Paul', 'PA');
INSERT INTO CUSTOMER VALUES(6, 'Susan', 'NJ');
INSERT INTO CUSTOMER VALUES(7, 'Kelly', 'NY');
INSERT INTO CUSTOMER VALUES(8, 'Eric', 'NJ');
INSERT INTO CUSTOMER VALUES(9, 'John', 'NY');
INSERT INTO CUSTOMER VALUES(10, 'Henry', 'VT');

DROP TABLE IF EXISTS CUSTOMER_ORDER;
CREATE TABLE CUSTOMER_ORDER(ID INT, CUSTOMER_ID INT, MENU_ID INT, QUANTITY INT);
INSERT INTO CUSTOMER_ORDER VALUES(1,8,5,4);
INSERT INTO CUSTOMER_ORDER VALUES(1,8,2,7);
INSERT INTO CUSTOMER_ORDER VALUES(1,8,8,3);
INSERT INTO CUSTOMER_ORDER VALUES(1,8,9,8);
INSERT INTO CUSTOMER_ORDER VALUES(1,8,7,10);
INSERT INTO CUSTOMER_ORDER VALUES(1,8,10,6);
INSERT INTO CUSTOMER_ORDER VALUES(1,8,3,9);
INSERT INTO CUSTOMER_ORDER VALUES(2,10,8,6);
INSERT INTO CUSTOMER_ORDER VALUES(2,10,9,5);
INSERT INTO CUSTOMER_ORDER VALUES(2,10,7,2);
INSERT INTO CUSTOMER_ORDER VALUES(2,10,1,5);
INSERT INTO CUSTOMER_ORDER VALUES(2,10,5,7);
INSERT INTO CUSTOMER_ORDER VALUES(2,10,4,1);
INSERT INTO CUSTOMER_ORDER VALUES(3,2,1,9);
INSERT INTO CUSTOMER_ORDER VALUES(3,2,8,3);
INSERT INTO CUSTOMER_ORDER VALUES(3,2,9,7);
INSERT INTO CUSTOMER_ORDER VALUES(3,2,7,4);
INSERT INTO CUSTOMER_ORDER VALUES(3,2,3,5);
INSERT INTO CUSTOMER_ORDER VALUES(4,9,9,9);
INSERT INTO CUSTOMER_ORDER VALUES(4,9,8,3);
INSERT INTO CUSTOMER_ORDER VALUES(5,10,1,8);
INSERT INTO CUSTOMER_ORDER VALUES(5,10,4,9);
INSERT INTO CUSTOMER_ORDER VALUES(6,9,9,2);
INSERT INTO CUSTOMER_ORDER VALUES(6,9,3,10);
INSERT INTO CUSTOMER_ORDER VALUES(6,9,10,8);
INSERT INTO CUSTOMER_ORDER VALUES(7,2,10,3);
INSERT INTO CUSTOMER_ORDER VALUES(7,2,1,5);
INSERT INTO CUSTOMER_ORDER VALUES(7,2,6,4);
INSERT INTO CUSTOMER_ORDER VALUES(7,2,5,6);
INSERT INTO CUSTOMER_ORDER VALUES(7,2,2,7);
INSERT INTO CUSTOMER_ORDER VALUES(7,2,3,5);
INSERT INTO CUSTOMER_ORDER VALUES(8,10,10,7);
INSERT INTO CUSTOMER_ORDER VALUES(8,10,3,9);
INSERT INTO CUSTOMER_ORDER VALUES(8,10,1,4);
INSERT INTO CUSTOMER_ORDER VALUES(8,10,4,7);
INSERT INTO CUSTOMER_ORDER VALUES(8,10,2,5);
INSERT INTO CUSTOMER_ORDER VALUES(8,10,7,1);
INSERT INTO CUSTOMER_ORDER VALUES(9,3,5,4);
INSERT INTO CUSTOMER_ORDER VALUES(9,3,7,10);
INSERT INTO CUSTOMER_ORDER VALUES(9,3,8,4);
INSERT INTO CUSTOMER_ORDER VALUES(10,8,4,9);
INSERT INTO CUSTOMER_ORDER VALUES(10,8,1,8);
INSERT INTO CUSTOMER_ORDER VALUES(10,8,6,4);
INSERT INTO CUSTOMER_ORDER VALUES(10,8,9,6);
INSERT INTO CUSTOMER_ORDER VALUES(11,4,7,6);
INSERT INTO CUSTOMER_ORDER VALUES(11,4,2,10);
INSERT INTO CUSTOMER_ORDER VALUES(11,4,5,10);
INSERT INTO CUSTOMER_ORDER VALUES(11,4,4,2);
INSERT INTO CUSTOMER_ORDER VALUES(12,2,9,5);
INSERT INTO CUSTOMER_ORDER VALUES(12,2,1,7);
INSERT INTO CUSTOMER_ORDER VALUES(12,2,5,5);
INSERT INTO CUSTOMER_ORDER VALUES(12,2,6,5);
INSERT INTO CUSTOMER_ORDER VALUES(12,2,8,10);
INSERT INTO CUSTOMER_ORDER VALUES(12,2,4,2);
INSERT INTO CUSTOMER_ORDER VALUES(13,5,4,5);
INSERT INTO CUSTOMER_ORDER VALUES(14,1,6,5);
INSERT INTO CUSTOMER_ORDER VALUES(14,1,2,3);
INSERT INTO CUSTOMER_ORDER VALUES(14,1,8,8);
INSERT INTO CUSTOMER_ORDER VALUES(14,1,10,5);
INSERT INTO CUSTOMER_ORDER VALUES(14,1,5,5);
INSERT INTO CUSTOMER_ORDER VALUES(15,8,4,8);
INSERT INTO CUSTOMER_ORDER VALUES(15,8,6,1);
INSERT INTO CUSTOMER_ORDER VALUES(15,8,1,3);
INSERT INTO CUSTOMER_ORDER VALUES(16,10,5,8);
INSERT INTO CUSTOMER_ORDER VALUES(17,7,3,3);
INSERT INTO CUSTOMER_ORDER VALUES(17,7,4,5);
INSERT INTO CUSTOMER_ORDER VALUES(17,7,2,7);
INSERT INTO CUSTOMER_ORDER VALUES(17,7,9,1);
INSERT INTO CUSTOMER_ORDER VALUES(17,7,8,2);
INSERT INTO CUSTOMER_ORDER VALUES(18,3,6,7);
INSERT INTO CUSTOMER_ORDER VALUES(18,3,10,9);
INSERT INTO CUSTOMER_ORDER VALUES(18,3,1,5);
INSERT INTO CUSTOMER_ORDER VALUES(18,3,8,2);
INSERT INTO CUSTOMER_ORDER VALUES(18,3,9,8);
INSERT INTO CUSTOMER_ORDER VALUES(18,3,7,7);
INSERT INTO CUSTOMER_ORDER VALUES(19,1,1,7);
INSERT INTO CUSTOMER_ORDER VALUES(19,1,10,10);
INSERT INTO CUSTOMER_ORDER VALUES(19,1,6,7);
INSERT INTO CUSTOMER_ORDER VALUES(19,1,5,3);
INSERT INTO CUSTOMER_ORDER VALUES(20,3,8,1);
INSERT INTO CUSTOMER_ORDER VALUES(20,3,4,10);
INSERT INTO CUSTOMER_ORDER VALUES(20,3,7,4);
INSERT INTO CUSTOMER_ORDER VALUES(20,3,1,9);
INSERT INTO CUSTOMER_ORDER VALUES(20,3,2,8);
INSERT INTO CUSTOMER_ORDER VALUES(20,3,9,5);
INSERT INTO CUSTOMER_ORDER VALUES(20,3,10,5);
